{"options":{"check_for_updates":true,"comment":null,"compat_foreach":false,"compat_metadata":false,"compat_powerful_this":null,"compat_wrappedjsobject":false,"compatopts_for_requires":true,"noframes":null,"override":{"merge_connects":true,"merge_excludes":true,"merge_includes":true,"merge_matches":true,"orig_connects":[],"orig_excludes":[],"orig_includes":[],"orig_matches":["*://*/*","http*://blog.aepkill.com/demos/devtools-detector/"],"orig_noframes":null,"orig_run_at":"document-start","orig_run_in":[],"orig_tags":[],"use_blockers":[],"use_connects":[],"use_excludes":[],"use_includes":[],"use_matches":[]},"run_at":null,"run_in":null,"sandbox":null,"tags":[],"unwrap":null,"user_modified":1766548099383},"settings":{"enabled":true,"position":2},"meta":{"name":"浏览器控制台防检测","uuid":"08299b2e-59ed-4f25-a029-144de0cf7a61","modified":1766548099383,"file_url":"https://update.greasyfork.org/scripts/523792/%E6%B5%8F%E8%A7%88%E5%99%A8%E6%8E%A7%E5%88%B6%E5%8F%B0%E9%98%B2%E6%A3%80%E6%B5%8B.user.js"}}